timestamp,open,close,high,low,volume,return,price
1705363200000,0.57638,0.578,0.5787,0.56597,1341597.08840631,0.002810645754536859,0.58
1705276800000,0.576,0.57629,0.58976,0.56848,1469161.91432949,0.0005034722222222439,0.58
1705190400000,0.57423,0.57612,0.59282,0.57141,1520768.50775546,0.0032913640875606416,0.57
1705104000000,0.57066,0.57464,0.57736,0.56348,722502.90369479,0.006974380541828926,0.57
1705017600000,0.60206,0.57007,0.60286,0.55081,4114123.15163559,-0.053134239112380945,0.6
1704931200000,0.60039,0.60167,0.62324,0.58547,6760693.82782459,0.002131947567414612,0.6
1704844800000,0.56667,0.60039,0.61487,0.54801,5381853.55780457,0.05950553232039806,0.57
1704758400000,0.57758,0.56666,0.579,0.55066,4643412.62885832,-0.01890647183074194,0.58
1704672000000,0.55212,0.57758,0.5824,0.54488,3848876.6163783,0.0461131638049698,0.55
1704585600000,0.56768,0.55189,0.57335,0.54643,1506512.18308747,-0.027814966178128474,0.57
1704499200000,0.57592,0.56825,0.57592,0.55762,780886.28951053,-0.013317821919710992,0.58
1704412800000,0.58778,0.57661,0.58931,0.55282,2411941.94558733,-0.01900370887066592,0.59
1704326400000,0.58217,0.58821,0.59451,0.57,2739822.73909917,0.01037497638146941,0.58
1704240000000,0.62492,0.58218,0.64021,0.48335,8202246.93270614,-0.06839275427254689,0.63
1704153600000,0.62997,0.62478,0.64,0.6219,2913420.02721783,-0.008238487547026092,0.63
1704067200000,0.61584,0.62988,0.63151,0.6091,1537917.44038928,0.022798129384255555,0.61
1703980800000,0.62168,0.61551,0.62915,0.6059,1858962.91027395,-0.009924720113241553,0.62
1703894400000,0.6232,0.62169,0.63044,0.61652,1476909.97401285,-0.002422978177150211,0.62
1703808000000,0.63551,0.62356,0.63689,0.61266,3043481.8543866,-0.01880379537694138,0.63
1703721600000,0.63473,0.63548,0.65836,0.6257,4292119.86501905,0.0011816047768342893,0.64
1703635200000,0.62271,0.63485,0.64293,0.61395,2892083.35161838,0.019495431260137207,0.62
1703548800000,0.64755,0.62274,0.64755,0.598,3757755.38669677,-0.03831364373407459,0.65
1703462400000,0.61315,0.64723,0.64986,0.60916,4584458.37267822,0.0555818315257278,0.61
1703376000000,0.6208,0.61325,0.63039,0.6031,1948679.67057733,-0.012161726804123802,0.62
1703289600000,0.6257,0.62088,0.62572,0.61122,957463.7840754,-0.007703372223110191,0.63
1703203200000,0.62478,0.62581,0.6319,0.61626,2369867.44129463,0.001648580300265654,0.62
1703116800000,0.61682,0.62453,0.62537,0.61092,2318405.56826334,0.012499594695373033,0.62
1703030400000,0.6051,0.61753,0.62714,0.60147,3244434.61027801,0.02054205916377467,0.6
1702944000000,0.61216,0.60547,0.61686,0.59761,2284441.69539446,-0.010928515420805156,0.61
1702857600000,0.61072,0.61264,0.61462,0.5773,3411319.78012727,0.003143830233167281,0.61
1702771200000,0.62107,0.61073,0.62405,0.60889,1026389.01587875,-0.01664868694350076,0.62
1702684800000,0.61597,0.62091,0.62622,0.61102,1004137.1444979,0.0080198710976183,0.62
1702598400000,0.63224,0.61551,0.64438,0.613,2377768.64247595,-0.026461470327723682,0.63
1702512000000,0.62851,0.63294,0.63834,0.6024,3189267.13912361,0.007048416095209199,0.63
1702425600000,0.61912,0.62788,0.63485,0.59449,4048162.87606262,0.014149114872722558,0.62
1702339200000,0.61917,0.61988,0.62651,0.60727,2614849.31095472,0.0011466963838687087,0.62
1702252800000,0.66239,0.61911,0.66306,0.59632,6803163.46704505,-0.0653391506514289,0.66
1702166400000,0.659,0.66214,0.67191,0.64746,2803973.98907513,0.004764795144157694,0.66
1702080000000,0.67245,0.65895,0.69989,0.65259,6649122.23689192,-0.02007584207004232,0.67
1701993600000,0.64473,0.67228,0.67529,0.63795,3496305.07072477,0.04273106571743204,0.64
1701907200000,0.64054,0.64352,0.65474,0.62219,3286437.73121622,0.00465232460111778,0.64
1701820800000,0.62163,0.64119,0.64414,0.611,3637485.73643175,0.03146566285410939,0.62
1701734400000,0.62358,0.62162,0.6299,0.60701,2221277.66597241,-0.0031431412168447877,0.62
1701648000000,0.62269,0.62397,0.64335,0.5816,4250372.75908727,0.0020555974883169135,0.62
1701561600000,0.62054,0.62247,0.63304,0.61664,1674359.60099058,0.003110194346859167,0.62
1701475200000,0.61273,0.62062,0.6225,0.6112,1556058.84553239,0.012876797284285008,0.61
1701388800000,0.60589,0.61274,0.61382,0.60331,1095657.04533906,0.011305682549637576,0.61
1701302400000,0.60882,0.60628,0.6094,0.59814,2654281.8948525,-0.004172004861863912,0.61
1701216000000,0.61105,0.60928,0.61689,0.60368,2081765.15230772,-0.0028966533016937046,0.61
1701129600000,0.6035,0.61081,0.61365,0.59626,2034703.93819097,0.012112676056337908,0.6
1701043200000,0.61579,0.604,0.61659,0.59408,3425238.45622605,-0.019146137481933726,0.62
1700956800000,0.62283,0.61595,0.63728,0.6066,2564217.75308261,-0.011046352937398644,0.62
1700870400000,0.62101,0.62282,0.62351,0.61554,1192175.89852117,0.0029146068501313817,0.62
1700784000000,0.62072,0.62142,0.62591,0.61598,2051410.49715091,0.0011277226446705806,0.62
1700697600000,0.61138,0.6207,0.62363,0.60623,2331784.70044615,0.01524420164218652,0.61
1700611200000,0.57842,0.61132,0.61622,0.57813,2693008.50522514,0.05687908440233728,0.58
1700524800000,0.61257,0.57871,0.61772,0.57346,4290088.54764243,-0.0552753154741499,0.61
1700438400000,0.62615,0.61247,0.6288,0.6067,1950895.4634918,-0.021847800047911883,0.63
1700352000000,0.61041,0.62591,0.62886,0.60196,1576696.00888064,0.025392768794744447,0.61
1700265600000,0.61315,0.61122,0.61467,0.58955,1272028.72769277,-0.003147680013047358,0.61
1700179200000,0.61219,0.61362,0.62459,0.5861,2160983.30958419,0.002335876116891884,0.61
1700092800000,0.64834,0.61179,0.65363,0.60316,3204276.21428836,-0.05637474164790092,0.65
1700006400000,0.62981,0.64793,0.65059,0.62545,2274248.57421258,0.02877058160397584,0.63
1699920000000,0.67062,0.6297,0.67257,0.58977,6386342.44747552,-0.06101816229757531,0.67
1699833600000,0.66092,0.67133,0.75,0.6403,10162874.41704211,0.015750771651637158,0.66
1699747200000,0.66249,0.66137,0.6705,0.64579,2064207.29902468,-0.0016905915560989748,0.66
1699660800000,0.65966,0.66273,0.68757,0.64045,3552489.51998617,0.004653912621653605,0.66
1699574400000,0.66681,0.65958,0.67097,0.63677,4379553.54977092,-0.010842668826202304,0.67
1699488000000,0.6871,0.66687,0.70797,0.61897,8965303.61109322,-0.02944258477659741,0.69
1699401600000,0.68593,0.68729,0.69888,0.67303,3916119.79774758,0.0019827096059363445,0.69
1699315200000,0.71496,0.68605,0.71496,0.65032,8800140.36798006,-0.04043582857782252,0.72
1699228800000,0.6619,0.71519,0.733,0.6595,8255128.32098923,0.08051065115576363,0.66
1699142400000,0.61659,0.66142,0.66378,0.61473,6330233.23801542,0.07270633646345227,0.62
1699056000000,0.61283,0.61561,0.61862,0.6093,1058236.26012259,0.004536331445914862,0.61
1698969600000,0.60564,0.61368,0.61594,0.5916,2522518.97814495,0.013275212997820566,0.61
1698883200000,0.60929,0.606,0.62661,0.5873,3964345.42607286,-0.005399727551740575,0.61
1698796800000,0.59978,0.6093,0.61723,0.58085,3895220.22846735,0.01587248657841204,0.6
1698710400000,0.57826,0.59985,0.6218,0.56279,6519766.337987,0.037336146370144915,0.58
1698624000000,0.55695,0.57841,0.58403,0.55003,4440897.01185515,0.038531286470957965,0.56
1698537600000,0.54504,0.55651,0.56128,0.54116,1273319.36444489,0.02104432702186992,0.55
1698451200000,0.54346,0.54525,0.55122,0.54119,752741.32342563,0.0032937106686783905,0.55
1698364800000,0.55345,0.54355,0.55915,0.534,3239516.36379684,-0.017887794742072492,0.55
1698278400000,0.55552,0.5538,0.57044,0.5429,3476882.53232881,-0.003096198156682126,0.55
1698192000000,0.55933,0.55573,0.56357,0.54144,3309007.42505509,-0.00643627196824781,0.56
1698105600000,0.54772,0.55929,0.58659,0.53349,9081006.29774041,0.02112393193602565,0.55
1698019200000,0.52298,0.5476,0.55296,0.52067,5263732.69181172,0.04707637003327082,0.52
1697932800000,0.52116,0.52287,0.52413,0.51268,1305006.65067176,0.0032811420676951216,0.52
1697846400000,0.5154,0.52123,0.53269,0.51121,1293813.36639906,0.011311602638727207,0.52
1697760000000,0.52045,0.51589,0.53155,0.50914,3109105.68492537,-0.008761648573350003,0.52
1697673600000,0.48803,0.52021,0.52478,0.47658,4252320.6583717,0.06593856935024472,0.49
1697587200000,0.49118,0.48803,0.49272,0.4863,1332064.61544846,-0.0064131275703407835,0.49
1697500800000,0.49814,0.49168,0.49814,0.48468,1552139.66272214,-0.012968241859718194,0.5
1697414400000,0.48774,0.49799,0.51153,0.48468,2627568.58952885,0.021015295034239514,0.49
1697328000000,0.48664,0.48761,0.49059,0.48529,575554.46037326,0.0019932599046522496,0.49
1697241600000,0.48529,0.48692,0.4887,0.48363,501444.46418747,0.003358816377835975,0.49
1697155200000,0.48297,0.48548,0.49108,0.47908,1471249.53792013,0.00519701016626294,0.48
1697068800000,0.48878,0.48345,0.48878,0.4733,2000896.51568782,-0.010904701501698108,0.49
1696982400000,0.49692,0.48922,0.49799,0.47909,2737073.890707,-0.015495451984222782,0.5
1696896000000,0.50302,0.49692,0.5033,0.492,1886923.99407446,-0.012126754403403541,0.5
1696809600000,0.51772,0.50335,0.52013,0.48713,3636791.59536581,-0.02775631615545081,0.52
1696723200000,0.52179,0.51794,0.52359,0.51512,2656961.92638644,-0.0073784472680580694,0.52
1696636800000,0.52614,0.52166,0.52614,0.52001,518564.82769877,-0.008514843957882007,0.53
1696550400000,0.52304,0.52554,0.52962,0.5168,1295275.68485958,0.0047797491587642585,0.52
1696464000000,0.53302,0.52304,0.53302,0.51634,2294694.77781712,-0.018723500056283253,0.53
1696377600000,0.53899,0.53304,0.54247,0.51915,4355965.09841353,-0.011039165847232808,0.54
1696291200000,0.51252,0.53889,0.54969,0.5054,3986444.62349362,0.05145165066729104,0.51
1696204800000,0.5248,0.51271,0.52696,0.506,2892896.12479973,-0.023037347560975693,0.52
1696118400000,0.51497,0.52432,0.52648,0.51384,1137096.78884576,0.018156397460046155,0.52
1696032000000,0.52209,0.51484,0.52209,0.51401,1433407.83521429,-0.01388649466567084,0.52
1695945600000,0.51037,0.52202,0.55,0.50665,7496493.18188441,0.022826576797225637,0.51
1695859200000,0.49977,0.51039,0.5104,0.49558,1645167.45117866,0.021249774896452404,0.5
1695772800000,0.50218,0.49976,0.50795,0.49735,1934411.12389979,-0.004818989207057187,0.5
1695686400000,0.50602,0.5025,0.5081,0.49711,1716513.95585059,-0.006956246788664635,0.51
1695600000000,0.50289,0.506,0.5075,0.49185,2677981.22897712,0.006184255006065059,0.5
1695513600000,0.50813,0.50312,0.5123,0.4994,781145.93773243,-0.009859681577548973,0.51
1695427200000,0.51315,0.50849,0.5141,0.50601,597773.61584282,-0.00908116535126181,0.51
1695340800000,0.50745,0.51281,0.51774,0.50473,1257482.24762724,0.010562617006601698,0.51
1695254400000,0.52141,0.50751,0.52141,0.50101,1899207.95131179,-0.02665848372681771,0.52
1695168000000,0.51467,0.52135,0.52578,0.5073,2709196.90154267,0.012979190549284045,0.51
1695081600000,0.50319,0.51445,0.5171,0.50113,2146532.42352334,0.02237723325185305,0.5
1694995200000,0.49291,0.50363,0.5086,0.4875,2407641.58008617,0.021748392201416094,0.49
1694908800000,0.50002,0.49307,0.50077,0.4898,1047113.96755495,-0.013899444022239133,0.5
1694822400000,0.50078,0.49981,0.50384,0.49728,860876.453327,-0.0019369783138304772,0.5
1694736000000,0.48962,0.50092,0.5087,0.4879,2248450.57188695,0.023079122584861795,0.49
1694649600000,0.48352,0.48961,0.49436,0.48023,1767518.62526663,0.012595135671740537,0.48
1694563200000,0.48073,0.48353,0.49159,0.47323,2980644.61924006,0.00582447527718267,0.48
1694476800000,0.47467,0.48062,0.4879,0.47046,2773839.22358655,0.012535024332694317,0.47
1694390400000,0.49739,0.4746,0.49807,0.4593,4170319.01175056,-0.045819176099237975,0.5
1694304000000,0.50419,0.49705,0.5042,0.4927,1292236.64070036,-0.014161328070767042,0.5
1694217600000,0.50465,0.50395,0.50476,0.50152,439814.62425268,-0.0013870999702764962,0.5
1694131200000,0.50531,0.50513,0.50784,0.49398,1119152.48192263,-0.00035621697571801264,0.5
1694044800000,0.50362,0.50525,0.50707,0.49692,943480.98751051,0.003236567253087686,0.5
1693958400000,0.50517,0.50402,0.50596,0.49163,1523885.0032343,-0.002276461389235276,0.51
1693872000000,0.5084,0.50567,0.5084,0.49921,951022.4173513,-0.005369787568843451,0.51
1693785600000,0.50498,0.50846,0.51299,0.49652,1608789.64979604,0.006891362034140043,0.5
1693699200000,0.49862,0.50499,0.51112,0.4972,3624108.4072729102,0.012775259716818503,0.5
1693612800000,0.49805,0.49903,0.50294,0.49441,1130139.50829298,0.0019676739283204115,0.5
1693526400000,0.5113,0.49804,0.51222,0.48635,2735691.68073672,-0.025933893995697233,0.51
1693440000000,0.52852,0.51156,0.5291,0.4968,2829740.58981976,-0.032089608718686095,0.53
1693353600000,0.54067,0.52894,0.54085,0.52206,1924280.93713165,-0.021695303974698096,0.54
1693267200000,0.52367,0.54022,0.55017,0.51338,3305687.25588679,0.03160387266790167,0.52
1693180800000,0.52413,0.52361,0.52505,0.51073,1633361.52571386,-0.000992120275504102,0.52
1693094400000,0.52367,0.5246,0.53071,0.51725,1499896.39368171,0.0017759275879847738,0.52
1693008000000,0.52642,0.52371,0.5288,0.5185,878450.82910565,-0.005147980699821417,0.53
1692921600000,0.51876,0.52633,0.5325,0.50831,2354712.05052612,0.014592489783329412,0.52
1692835200000,0.53042,0.5192,0.53232,0.5117,1582962.65896995,-0.02115304852758193,0.53
1692748800000,0.52068,0.53041,0.5369,0.51611,2518904.57703939,0.018687101482676532,0.52
1692662400000,0.52503,0.52091,0.52583,0.50078,5060393.37957897,-0.007847170637868337,0.52
1692576000000,0.53881,0.52534,0.54018,0.50338,4369045.54493543,-0.02499953601455055,0.54
1692489600000,0.52003,0.53916,0.55781,0.51617,5105323.24375528,0.036786339249658635,0.52
1692403200000,0.5064,0.52028,0.5248,0.50086,3835260.76708281,0.027409162717219597,0.51
1692316800000,0.50694,0.50667,0.52211,0.48317,10429691.33692565,-0.0005326074091608326,0.5
1692230400000,0.58791,0.50658,0.59468,0.4201,12766495.38907862,-0.13833750063785274,0.59
1692144000000,0.60987,0.58852,0.61674,0.5732,8509144.3887517,-0.0350074606063587,0.61
1692057600000,0.63453,0.6103,0.63482,0.58007,3191452.14134161,-0.038185743778860075,0.63
1691971200000,0.62594,0.63455,0.63682,0.62452,1053903.60392516,0.013755312010735685,0.63
1691884800000,0.62771,0.62596,0.6386,0.62387,2003798.44739192,-0.002787911615236382,0.63
1691798400000,0.63196,0.62778,0.63323,0.62299,1309532.42887048,-0.00661434267991639,0.63
1691712000000,0.63277,0.63197,0.64064,0.62588,1052481.12439108,-0.001264282440697288,0.63
1691625600000,0.64369,0.63309,0.6446,0.62445,2660571.9136369,-0.016467554257484106,0.64
1691539200000,0.64181,0.64381,0.66659,0.6323,4940953.18305746,0.0031161870335457563,0.64
1691452800000,0.6237,0.64319,0.64845,0.61434,4041467.74748472,0.031248997915664593,0.62
1691366400000,0.62427,0.62392,0.6298,0.59623,3307268.20296154,-0.0005606548448587334,0.62
1691280000000,0.629,0.62389,0.63895,0.62141,1593598.91328034,-0.00812400635930057,0.63
1691193600000,0.63573,0.62888,0.63574,0.61091,4892273.2677237,-0.010775014550202165,0.64
1691107200000,0.66305,0.63553,0.66806,0.62465,3570217.25508851,-0.04150516552296205,0.66
1691020800000,0.68533,0.66305,0.68756,0.655,3036747.47764823,-0.03250988574847149,0.68
1690934400000,0.70756,0.68548,0.70857,0.67631,2338938.94465849,-0.031205834134207685,0.71
1690848000000,0.69856,0.70785,0.70857,0.67319,2632421.90763728,0.013298786074209833,0.7
1690761600000,0.70526,0.69865,0.72131,0.68651,3854222.77872029,-0.009372430025806093,0.7
1690675200000,0.71304,0.70536,0.73738,0.68447,2828815.69728235,-0.010770784247728066,0.71
1690588800000,0.7131,0.713,0.7166,0.705,948935.37366563,-0.00014023278642545084,0.71
1690502400000,0.71489,0.71312,0.7199,0.70297,1216614.58166929,-0.002475905384045167,0.71
1690416000000,0.71715,0.7149,0.73414,0.70787,3612367.70619144,-0.003137418950010422,0.72
1690329600000,0.70979,0.71766,0.73295,0.69317,3892172.91160674,0.011087786528409716,0.71
1690243200000,0.70251,0.70998,0.7167,0.6751,3005591.75667313,0.010633300593585982,0.7
1690156800000,0.73884,0.70323,0.7434,0.68,5189745.62397698,-0.048197173948351504,0.74
1690070400000,0.73411,0.73905,0.75291,0.71598,4412007.10065386,0.006729236762882871,0.73
1689984000000,0.77151,0.7341,0.78092,0.721,4261343.62262922,-0.048489326126686695,0.77
1689897600000,0.79486,0.77287,0.7996,0.76102,4799437.41796049,-0.027665249226278922,0.79
1689811200000,0.82088,0.79518,0.85024,0.77211,14160724.88597801,-0.03130786473053315,0.82
1689724800000,0.77811,0.82005,0.85436,0.76848,15484374.73543943,0.05389983421367156,0.78
1689638400000,0.73827,0.77883,0.78467,0.7313,7074162.57355316,0.05493924986793455,0.74
1689552000000,0.74786,0.73883,0.76651,0.7135,9027625.46261338,-0.012074452437621992,0.75
1689465600000,0.71498,0.74761,0.791,0.70243,14406969.89645753,0.04563764021371234,0.71
1689379200000,0.71891,0.71495,0.73682,0.6932,15151329.7716552,-0.005508339013228463,0.72
1689292800000,0.81613,0.71962,0.82632,0.66974,26854160.64891596,-0.1182532194625856,0.81
1689206400000,0.47189,0.81703,0.94451,0.47012,42249471.24308703,0.7313992667782747,0.47
1689120000000,0.47566,0.47158,0.47753,0.46489,3021359.29361478,-0.008577555396711995,0.48
1689033600000,0.47837,0.47568,0.47869,0.4714,993363.69918181,-0.005623262328323318,0.48
1688947200000,0.46868,0.47838,0.48028,0.46258,4732208.98145514,0.020696423999317322,0.47
1688860800000,0.47042,0.46853,0.47229,0.46675,1097005.88910833,-0.004017686322860429,0.47
1688774400000,0.46899,0.47093,0.47506,0.4654,1378586.76190467,0.004136548753704764,0.47
1688688000000,0.46279,0.46899,0.4711,0.45777,1069845.87877148,0.013397005121113333,0.46
1688601600000,0.47792,0.46284,0.4843,0.46158,2315853.99241854,-0.0315533980582525,0.48
1688515200000,0.48752,0.47806,0.49207,0.46915,2463641.29120598,-0.01940433212996395,0.49
1688428800000,0.48974,0.48712,0.49388,0.48196,1686044.70040267,-0.0053497774329236145,0.49
1688342400000,0.48516,0.49029,0.49175,0.47901,2533717.04849038,0.010573831313381202,0.48
1688256000000,0.47373,0.48459,0.4965,0.46985,4158027.46501572,0.022924450636438554,0.47
1688169600000,0.47364,0.47364,0.47653,0.46437,1848289.96629016,0.0,0.47
1688083200000,0.47534,0.4736,0.48294,0.4506,4427085.50471056,-0.0036605377203685024,0.47
1687996800000,0.46475,0.47503,0.47762,0.46156,1321695.03176865,0.02211941904249599,0.46
1687910400000,0.48375,0.46533,0.48418,0.44777,2826040.49086807,-0.038077519379844944,0.48
1687824000000,0.47882,0.48411,0.48535,0.4763,1050905.61064642,0.011047992982749177,0.48
1687737600000,0.49079,0.47951,0.49232,0.47036,1920055.67282549,-0.022983353369058074,0.49
1687651200000,0.48674,0.49089,0.49816,0.4832,1855770.47367645,0.008526112503595322,0.49
1687564800000,0.49644,0.48733,0.49644,0.47798,2171837.29135791,-0.018350656675529785,0.5
1687478400000,0.49416,0.49646,0.50295,0.4847,3019176.72849205,0.0046543629593654365,0.5
1687392000000,0.50033,0.49433,0.52756,0.48281,5061890.65823541,-0.011992085223752443,0.5
1687305600000,0.49337,0.5003,0.50361,0.48971,3397299.22079049,0.014046253319010058,0.49
1687219200000,0.49406,0.4932,0.4969,0.472,2975590.21270553,-0.001740679269724268,0.49
1687132800000,0.48729,0.49379,0.4985,0.4814,2291442.90874292,0.013339079398304922,0.49
1687046400000,0.47975,0.4878,0.49798,0.47401,3389210.74494651,0.016779572694111518,0.48
1686960000000,0.47596,0.47971,0.4876,0.46984,2195853.07006523,0.007878813345659364,0.48
1686873600000,0.48019,0.47617,0.48349,0.456,3799987.32186431,-0.008371686207542896,0.48
1686787200000,0.48034,0.48042,0.48567,0.46727,3667330.71596631,0.00016654869467465648,0.48
1686700800000,0.5198,0.48064,0.52076,0.46141,5968766.0852392,-0.07533666794921129,0.52
1686614400000,0.5261,0.51999,0.5662,0.5058,12297765.73705268,-0.011613761642273445,0.53
1686528000000,0.52105,0.5256,0.52851,0.50915,2510795.75083475,0.008732367335188451,0.52
1686441600000,0.50717,0.52165,0.52982,0.5031,2424277.10083331,0.02855058461659786,0.51
1686355200000,0.5382,0.50725,0.53956,0.47152,15060464.05181779,-0.057506503158677134,0.54
1686268800000,0.52464,0.53855,0.54225,0.52069,4192369.75144046,0.02651341872522106,0.53
1686182400000,0.5187,0.52438,0.52836,0.51619,3598399.79659554,0.010950453055716033,0.52
1686096000000,0.53009,0.51879,0.53807,0.50731,4221421.89379763,-0.021317134826161554,0.53
1686009600000,0.50917,0.53016,0.5328,0.49597,5479227.78348637,0.04122395270734716,0.51
1685923200000,0.53608,0.50918,0.54315,0.48601,13612616.71150498,-0.05017907774958968,0.54
1685836800000,0.51882,0.53629,0.547,0.51511,4170194.23955706,0.03367256466597297,0.52
1685750400000,0.52393,0.51908,0.53441,0.5143,2240148.69595916,-0.009256961807875138,0.53
1685664000000,0.50736,0.5254,0.52746,0.50387,4249104.80459237,0.03555660674865962,0.51
1685577600000,0.51701,0.50683,0.51701,0.50169,2762700.94837919,-0.019690141389915025,0.52
1685491200000,0.52124,0.51732,0.52811,0.50103,7731862.28807453,-0.007520527971759716,0.52
1685404800000,0.49508,0.52124,0.52981,0.48976,12458347.33071918,0.05283994505938437,0.49
1685318400000,0.48301,0.49513,0.4959,0.47631,4093649.29478593,0.02509264818533782,0.48
1685232000000,0.47229,0.4826,0.4868,0.47054,1953685.41568411,0.021829807956975558,0.47
1685145600000,0.4689,0.47207,0.4798,0.46492,2706559.08048089,0.006760503305608886,0.47
1685059200000,0.45394,0.46908,0.47048,0.45301,3611382.15056336,0.03335242543067363,0.45
1684972800000,0.45333,0.45424,0.45593,0.44345,2156206.23057246,0.002007367701233023,0.45
1684886400000,0.46548,0.45323,0.46553,0.44535,3680839.62729402,-0.02631692016842825,0.47
1684800000000,0.46224,0.46555,0.46759,0.4589,3207923.87599136,0.007160782277604784,0.46
1684713600000,0.4575,0.462,0.46814,0.45,5439573.18810831,0.0098360655737705,0.46
1684627200000,0.46895,0.45746,0.47094,0.4552,2751684.58330533,-0.024501546007037,0.47
1684540800000,0.46846,0.46889,0.47241,0.4623,1794184.45143174,0.0009179012082141185,0.47
1684454400000,0.46025,0.46817,0.476,0.45787,4157595.5705873,0.017208039109179757,0.46
1684368000000,0.44921,0.46013,0.4732,0.44345,6137675.04213981,0.024309343068943223,0.45
1684281600000,0.44298,0.44877,0.46179,0.43816,8147833.74879709,0.013070567519978368,0.44
1684195200000,0.4276,0.44286,0.443,0.41829,4158091.58144796,0.03568755846585593,0.43
1684108800000,0.42589,0.42787,0.43053,0.4216,1991145.52401869,0.004649087792622466,0.43
1684022400000,0.42435,0.42567,0.43206,0.4212,1300693.30308466,0.0031106398020501655,0.43
1683936000000,0.43071,0.42452,0.43092,0.4231,1405231.13940297,-0.014371618954749074,0.43
1683849600000,0.4214,0.43075,0.44466,0.4162,5164345.39912028,0.022187944945420087,0.42
1683763200000,0.43046,0.42133,0.43046,0.41184,3248708.96487216,-0.02120986851275386,0.43
1683676800000,0.42905,0.43051,0.4343,0.41271,5495532.05490015,0.003402866798741445,0.43
1683590400000,0.42884,0.42909,0.43096,0.42077,2924513.9504627,0.0005829680067158567,0.43
1683504000000,0.44936,0.42885,0.45203,0.41031,8658556.61293047,-0.04564269182837808,0.45
1683417600000,0.45966,0.44997,0.46094,0.44622,1751718.93020664,-0.02108079885132496,0.46
1683331200000,0.46769,0.45929,0.46972,0.4517,2227233.88063121,-0.017960614937244795,0.47
1683244800000,0.46113,0.46742,0.47077,0.45401,3132438.92826902,0.01364040509183965,0.46
1683158400000,0.46362,0.46133,0.46525,0.45517,1788822.09704695,-0.00493939001768681,0.46
1683072000000,0.46455,0.46374,0.46572,0.44995,3388029.87672671,-0.001743622860833135,0.47
1682985600000,0.46528,0.46475,0.46664,0.45787,2496916.74675491,-0.0011390990371389924,0.47
1682899200000,0.47108,0.46537,0.47283,0.4546,3024126.3279419,-0.01212108346777616,0.47
1682812800000,0.47822,0.47071,0.48221,0.46912,1646342.72894152,-0.01570406925682732,0.48
1682726400000,0.47997,0.47834,0.4873,0.4711,2233272.05482285,-0.003396045586182512,0.48
1682640000000,0.46692,0.48005,0.483,0.46378,4715242.75757028,0.028120448899168968,0.47
1682553600000,0.46165,0.46682,0.47001,0.4557,3353705.07189243,0.011198960251272627,0.46
1682467200000,0.46972,0.46209,0.48327,0.4333,7235936.36726279,-0.016243719662777878,0.47
1682380800000,0.46105,0.4702,0.47233,0.45102,3835040.91773862,0.019846003687235637,0.46
1682294400000,0.46548,0.46114,0.48597,0.44742,6166126.66969844,-0.009323708859671759,0.47
1682208000000,0.47214,0.46517,0.47221,0.45294,3060139.16155306,-0.014762570424026839,0.47
1682121600000,0.44943,0.47238,0.47608,0.4459,4344670.28324759,0.05106468193044529,0.45
1682035200000,0.47501,0.44935,0.47944,0.44073,6827101.48508206,-0.05401991537020265,0.47
1681948800000,0.49156,0.47524,0.49926,0.4653,6135354.74611846,-0.0332004231426479,0.49
1681862400000,0.53276,0.49149,0.53761,0.47111,14761915.18274435,-0.07746452436369101,0.53
1681776000000,0.51102,0.53277,0.53909,0.5092,6024160.7584417,0.04256193495362204,0.51
1681689600000,0.52044,0.51087,0.5207,0.50687,4589528.26400783,-0.018388286834217137,0.52
1681603200000,0.51903,0.52044,0.52431,0.51517,1405929.08751141,0.0027166059765331915,0.52
1681516800000,0.5227,0.51935,0.52591,0.51625,2189130.29280682,-0.006409030036349865,0.52
1681430400000,0.51208,0.52308,0.54626,0.51136,10710107.89859268,0.0214810185908452,0.51
1681344000000,0.50489,0.51262,0.51568,0.5014,2416408.65714505,0.015310265602408476,0.51
1681257600000,0.51644,0.50493,0.51736,0.49833,2576751.92369683,-0.02228719696382933,0.52
1681171200000,0.51729,0.51684,0.52807,0.51065,4446540.22425279,-0.0008699182276867162,0.52
1681084800000,0.50481,0.51783,0.51955,0.49963,2782603.45237774,0.025791882094253347,0.51
1680998400000,0.50393,0.50524,0.50873,0.49769,1433967.6578499,0.0025995674002342256,0.51
1680912000000,0.51232,0.50438,0.51278,0.5014,1484619.66349115,-0.015498126171142932,0.51
1680825600000,0.50225,0.51306,0.51494,0.49702,3857437.06262461,0.02152314584370331,0.5
1680739200000,0.50539,0.50265,0.50963,0.49128,3301228.65104231,-0.005421555630305239,0.51
1680652800000,0.50272,0.50546,0.52677,0.49835,5843812.5624949,0.005450350095480737,0.5
1680566400000,0.49587,0.50276,0.50765,0.48713,4211234.27651272,0.013894770806864718,0.5
1680480000000,0.51783,0.4959,0.52487,0.48167,6280017.41404355,-0.042349805920862064,0.52
1680393600000,0.50944,0.51784,0.52911,0.50144,5028396.8486286,0.01648869346733661,0.51
1680307200000,0.53739,0.50931,0.53739,0.497,10743357.68546844,-0.05225255401105341,0.54
1680220800000,0.53152,0.53772,0.55119,0.52532,7698047.6921437,0.01166465984346776,0.54
1680134400000,0.54224,0.53178,0.5575,0.521,9605099.59106986,-0.01929035113602837,0.55
1680048000000,0.51443,0.54233,0.585,0.51443,14929367.64441578,0.05423478413000782,0.52
1679961600000,0.47887,0.51444,0.5337,0.46659,14186006.36215392,0.07427903188756863,0.48
1679875200000,0.44792,0.47894,0.48834,0.44256,10208920.93042723,0.0692534381139489,0.45
1679788800000,0.4428,0.44792,0.46352,0.44079,4191804.49989804,0.011562782294489515,0.45
1679702400000,0.42615,0.44307,0.46502,0.4224,8986861.03990773,0.03970432946145734,0.43
1679616000000,0.44414,0.42589,0.44414,0.4141,5693381.50443914,-0.04109064709325886,0.45
1679529600000,0.42133,0.4443,0.45549,0.41158,7440502.56009588,0.05451783637528776,0.43
1679443200000,0.46953,0.42105,0.47517,0.40857,13678867.31986934,-0.10325218835857139,0.47
1679356800000,0.37323,0.46943,0.49269,0.37302,15957325.71727059,0.25774991292232674,0.38
1679270400000,0.38566,0.37344,0.39121,0.3711,4179207.69557772,-0.0316859409842867,0.39
1679184000000,0.37396,0.38566,0.40016,0.37377,7175157.0179255,0.03128676863835701,0.38
1679097600000,0.37949,0.37395,0.38938,0.36905,4373806.96986291,-0.014598540145985373,0.38
1679011200000,0.36557,0.37965,0.38257,0.3629,6948089.92181815,0.03851519544820412,0.37
1678924800000,0.35974,0.36559,0.3676,0.35689,1979769.48276645,0.016261744593317456,0.36
1678838400000,0.37331,0.35976,0.37651,0.3566,3825038.27807587,-0.03629691141410611,0.37
1678752000000,0.37337,0.37354,0.38833,0.366,8924622.09638638,0.00045531242467258614,0.37
1678665600000,0.37285,0.37342,0.38129,0.35684,8203004.75115824,0.0015287649188680686,0.37
1678579200000,0.36504,0.37286,0.37312,0.34885,6002499.67337533,0.02142230988384848,0.37
1678492800000,0.37057,0.36504,0.37577,0.35962,9259069.31278245,-0.014922956526432347,0.37
1678406400000,0.37094,0.3706,0.3751,0.3572,8670815.18663181,-0.0009165902841430069,0.37
1678320000000,0.38885,0.371,0.39768,0.36425,9080617.1917957,-0.04590459045904585,0.39
1678233600000,0.38021,0.38915,0.40207,0.37261,9123779.06655542,0.023513321585439634,0.38
1678147200000,0.36947,0.38024,0.38442,0.36704,4138834.06383661,0.029149863317725393,0.37
1678060800000,0.3666,0.36948,0.374,0.35902,2144097.11863432,0.007855973813420606,0.37
1677974400000,0.37328,0.3668,0.37757,0.36537,1741375.97276402,-0.01735962280325757,0.38
1677888000000,0.3769,0.37359,0.37984,0.3681,1825097.44638715,-0.008782170336959499,0.38
1677801600000,0.37756,0.37714,0.38075,0.35188,6130625.2710621,-0.0011124059752093216,0.38
1677715200000,0.3838,0.37735,0.38469,0.3739,2127756.43462399,-0.01680562793121406,0.38
1677628800000,0.37641,0.38395,0.38476,0.37281,2987416.721805,0.0200313487951967,0.38
1677542400000,0.3786,0.37642,0.38272,0.3721,2404605.8734942,-0.005758055995773944,0.38
1677456000000,0.37775,0.37869,0.38024,0.37097,2664628.42777773,0.0024884182660491116,0.38
1677369600000,0.37803,0.37797,0.38082,0.37475,1291621.10357629,-0.00015871756209825808,0.38
1677283200000,0.3782,0.37829,0.37944,0.36904,2210653.3088595,0.00023796932839776442,0.38
1677196800000,0.38874,0.37848,0.39073,0.37254,3901728.19710698,-0.026392961876832825,0.39
1677110400000,0.3955,0.38874,0.39802,0.38581,4639168.75023195,-0.01709228824273083,0.4
1677024000000,0.39186,0.39524,0.39755,0.38301,5280879.56177299,0.008625529525851055,0.39
1676937600000,0.39799,0.39199,0.40246,0.38726,4726363.33786166,-0.015075755672253085,0.4
1676851200000,0.38629,0.39827,0.409,0.37731,6204467.38771983,0.031012969530663466,0.39
1676764800000,0.39431,0.38635,0.39821,0.38486,2332376.06298542,-0.020187162384925482,0.39
1676678400000,0.39511,0.39437,0.39752,0.39137,1295518.0860815,-0.0018728961555010463,0.4
1676592000000,0.38424,0.39491,0.39994,0.38121,2914659.37810558,0.02776910264418061,0.39
1676505600000,0.40093,0.38424,0.40459,0.38424,2878792.51319756,-0.04162821440151643,0.4
1676419200000,0.38196,0.40135,0.40234,0.3768,3127532.94288983,0.05076447795580679,0.38
1676332800000,0.37032,0.38205,0.38374,0.36453,2860031.60360973,0.03167530784186654,0.37
1676246400000,0.37489,0.37031,0.37848,0.36123,3837547.24271477,-0.01221691696230902,0.38
1676160000000,0.38345,0.37517,0.38511,0.3721,1395861.51519029,-0.02159342808710395,0.39
1676073600000,0.38198,0.38354,0.38426,0.37971,1082340.88864799,0.004083983454631148,0.38
1675987200000,0.38151,0.3821,0.38762,0.37692,2690887.27129506,0.0015464863306334812,0.38
1675900800000,0.39762,0.38187,0.40886,0.3721,7728395.55825482,-0.039610683567224955,0.4
1675814400000,0.40362,0.39777,0.40601,0.3938,1885015.75639793,-0.014493830830979552,0.4
1675728000000,0.39192,0.4038,0.40468,0.39,2833719.9107022,0.03031230863441519,0.39
1675641600000,0.39851,0.39206,0.40354,0.39081,3103011.45067118,-0.016185290206017305,0.4
1675555200000,0.4105,0.39849,0.41199,0.395,4400336.15330422,-0.029257003654080307,0.41
1675468800000,0.41165,0.41038,0.42037,0.40746,2420715.73534617,-0.003085145147576809,0.41
1675382400000,0.41005,0.41165,0.41345,0.40522,2510644.78867014,0.00390196317522251,0.41
1675296000000,0.4131,0.40976,0.41927,0.40799,3999142.28052753,-0.008085209392398958,0.41
1675209600000,0.40581,0.41311,0.41563,0.39666,4755166.82538577,0.017988713930164296,0.41
1675123200000,0.39337,0.40585,0.4115,0.3881,5043446.16342289,0.03172585606426517,0.4
1675036800000,0.41329,0.39336,0.42206,0.38584,6755230.0717113,-0.0482227975513562,0.41
1674950400000,0.40766,0.41335,0.41756,0.40677,2834179.06064554,0.013957709856252692,0.41
1674864000000,0.4124,0.40788,0.41691,0.40533,1749599.21397041,-0.010960232783705065,0.41
1674777600000,0.40934,0.41276,0.41342,0.3985,2399156.31201541,0.008354912786436786,0.41
1674691200000,0.41711,0.40939,0.41782,0.40528,4354147.02040727,-0.018508307161180515,0.42
1674604800000,0.40752,0.41708,0.4246,0.3967,4537717.73121377,0.02345897133883003,0.41
1674518400000,0.4235,0.40772,0.43142,0.4022,5932576.40428007,-0.037260920897284444,0.43
1674432000000,0.4005,0.42355,0.43315,0.39973,9481901.87199993,0.05755305867665408,0.4
1674345600000,0.40286,0.40051,0.41229,0.39628,3305930.72194061,-0.0058332919624683975,0.4
1674259200000,0.4127,0.40309,0.41639,0.397,5484320.84120449,-0.023285679670462824,0.41
1674172800000,0.39276,0.4129,0.41423,0.38586,4136100.03563306,0.05127813422955492,0.39
1674086400000,0.37781,0.39322,0.39649,0.37638,6483615.88402537,0.040787697519917517,0.38
1674000000000,0.38704,0.37899,0.39612,0.36545,12933529.84811507,-0.020798883836295995,0.39
1673913600000,0.38587,0.387,0.3989,0.3788,10923600.73296693,0.0029284474045663564,0.39
